n,time,residual,mem_est
4,0.028,1.1102230246251565e-16,192
8,0.035,1.1102230246251565e-16,640
16,0.037,3.3306690738754696e-16,2304
32,0.157,7.494005416219807e-16,8704
64,7.608,1.3821785471580331e-15,33792