n,trap,simp,gaus,trap_err,simp_err,gaus_err
3,2.5430806348152437,2.362053756543496,2.3503369286800115,0.19267824752764096,0.011651369255893052,6.54586075912178e-05
5,2.3991662826140026,2.3511948318802554,2.350402386462826,0.0487638953263998,0.0007924445926525969,8.247766913882515e-10
9,2.3626313335852105,2.3504530172422795,2.3504023872876045,0.012228946297607735,5.06299546767508e-05,1.7763568394002505e-15
17,2.3534620103747814,2.3504055693046393,2.3504023872876028,0.0030596230871786645,3.1820170365293166e-06,0.0
33,2.3511674424244937,2.3504025864410645,2.350402387287603,0.0007650551368909575,1.991534617218349e-07,4.440892098500626e-16
